key	shipped_default	cpp_fallback	persisted_override	reload	loader_consumer	mode	bounds	migration_alias	unsupported_reason	status
AiPlayerbot.RandomBotAutoCreate	0	—	—	—	PlayerbotAIConfig + RandomBotService	autonomous-world	0/1	—	—	pending (census)
AiPlayerbot.WorldBuff* (repeated)	see conf.dist.in:997-1010	INERT: ConfigAccess::GetValues returns {} (PlayerbotAIConfig.cpp:23-26)	—	—	PlayerbotAIConfig.cpp:443-451 loader dead	worldbuff	—	—	loader gap, fix in F20	pending (blocked: needs real enumeration)
AiPlayerbot.AutoDoQuests	—	—	—	—	AiFactory defaults before overrides	owned/autonomous	—	—	—	pending (census)
Quest sync directions (both)	differ T/S vs M	—	—	—	—	—	—	—	donor defaults differ; explicit off/on semantics	pending (census)
RandomBotNonCombatStrategies	empty override does not remove factory defaults	—	—	—	AiFactory.cpp	—	—	—	—	pending (census)
AH/LFT/BG service switches	default-off, still required scope	—	—	—	services	—	—	—	disabled default is not exclusion	pending (census)
AiPlayerbot.WorldBuff* (repeated)	commented examples (22888 etc.)	none loaded (GetValues {})	—	live on reload boundary	T: PlayerbotAIConfig.cpp:443-475 loader; F23 synthetic policy	worldbuff	—	—	loader FIXED in M10 (native prefix walk)	fixed-M10 (runtime proof pending)
TortoiseBots.* test fixtures (AutoTest/PacketBridgeTest/PendingAddRemoveTest)	0	—	—	one-shot	BotHostAdapter + BotManager journeys; verified paths, not re-run here	operator	—	—	—	pending-runtime
TortoiseBots.LogLevel	2 (was 1, never read)	—	—	yes: WORLDHOOK_ON_AFTER_CONFIG_LOAD	ModuleLog::ApplyConfig; gates TB_LOG_BASIC/DETAIL/DEBUG across host/+runtime/	operator	0-3	—	—	fixed (branch feat/module-log-level)
